{"cameraMode":{"drawMode":0,"name":"Shaded","section":"Shading Mode"},"sceneLighting":false,"audioPlay":false,"sceneViewState":{"showFog":true,"showMaterialUpdate":true,"showSkybox":false,"showFlares":true,"showImageEffects":true,"showParticleSystems":true},"in2DMode":false,"pivot":{"x":-4.964273929595947,"y":2.165225028991699,"z":14.89966106414795},"rotation":{"x":-0.037182919681072238,"y":0.9492778182029724,"z":-0.12194079905748368,"w":-0.2880866825580597},"size":4.8255767822265629,"orthographic":false}