{"cameraMode":{"drawMode":0,"name":"Shaded","section":"Shading Mode"},"sceneLighting":false,"audioPlay":false,"sceneViewState":{"showFog":true,"showMaterialUpdate":true,"showSkybox":false,"showFlares":true,"showImageEffects":true,"showParticleSystems":true},"in2DMode":false,"pivot":{"x":-2.384185791015625e-7,"y":-3.277677536010742,"z":0.766870379447937},"rotation":{"x":-0.017643876373767854,"y":-0.9795126914978027,"z":0.17404666543006898,"w":-0.1017405092716217},"size":8.560868263244629,"orthographic":false}