{"cameraMode":{"drawMode":0,"name":"Shaded","section":"Shading Mode"},"sceneLighting":true,"audioPlay":false,"sceneViewState":{"showFog":true,"showMaterialUpdate":true,"showSkybox":true,"showFlares":true,"showImageEffects":true,"showParticleSystems":true},"in2DMode":false,"pivot":{"x":10.206108093261719,"y":1.0841740369796754,"z":7.150385856628418},"rotation":{"x":-0.19050434231758119,"y":-0.7813379168510437,"z":0.28666797280311587,"w":-0.5210027098655701},"size":11.411661148071289,"orthographic":false}