{"cameraMode":{"drawMode":0,"name":"Shaded","section":"Shading Mode"},"sceneLighting":true,"audioPlay":false,"sceneViewState":{"showFog":true,"showMaterialUpdate":true,"showSkybox":true,"showFlares":true,"showImageEffects":true,"showParticleSystems":true},"in2DMode":false,"pivot":{"x":-0.13701164722442628,"y":0.7250000238418579,"z":2.799999952316284},"rotation":{"x":0.14845365285873414,"y":-0.8133611083030701,"z":0.23579198122024537,"w":0.5111159682273865},"size":56.91364669799805,"orthographic":false}