{"cameraMode":{"drawMode":0,"name":"Shaded","section":"Shading Mode"},"sceneLighting":false,"audioPlay":false,"sceneViewState":{"showFog":true,"showMaterialUpdate":true,"showSkybox":false,"showFlares":true,"showImageEffects":true,"showParticleSystems":true},"in2DMode":false,"pivot":{"x":-7.324667930603027,"y":18.85112762451172,"z":3.397165298461914},"rotation":{"x":-0.017643876373767854,"y":-0.9795126914978027,"z":0.17404666543006898,"w":-0.1017405092716217},"size":1.6011109352111817,"orthographic":false}