{"cameraMode":{"drawMode":0,"name":"Shaded","section":"Shading Mode"},"sceneLighting":false,"audioPlay":false,"sceneViewState":{"showFog":true,"showMaterialUpdate":true,"showSkybox":false,"showFlares":true,"showImageEffects":true,"showParticleSystems":true},"in2DMode":false,"pivot":{"x":8.497453689575196,"y":1.2000000476837159,"z":2.333613872528076},"rotation":{"x":0.07466624677181244,"y":0.925160825252533,"z":-0.2684117257595062,"w":0.2581968307495117},"size":7.2252278327941898,"orthographic":false}