{"cameraMode":{"drawMode":0,"name":"Shaded","section":"Shading Mode"},"sceneLighting":false,"audioPlay":false,"sceneViewState":{"showFog":true,"showMaterialUpdate":true,"showSkybox":false,"showFlares":true,"showImageEffects":true,"showParticleSystems":true},"in2DMode":false,"pivot":{"x":8.01830005645752,"y":1.0,"z":2.2197999954223635},"rotation":{"x":0.07373259961605072,"y":-0.02866498753428459,"z":0.0018017914844676853,"w":0.9970448613166809},"size":13.684876441955567,"orthographic":false}