{"cameraMode":{"drawMode":0,"name":"Shaded","section":"Shading Mode"},"sceneLighting":false,"audioPlay":false,"sceneViewState":{"showFog":true,"showMaterialUpdate":true,"showSkybox":false,"showFlares":true,"showImageEffects":true,"showParticleSystems":true},"in2DMode":false,"pivot":{"x":13.33122444152832,"y":-1.166858196258545,"z":13.01166820526123},"rotation":{"x":-0.3024576008319855,"y":-0.22756224870681764,"z":0.0748957172036171,"w":-0.9227662086486816},"size":1.522979497909546,"orthographic":false}