{"cameraMode":{"drawMode":0,"name":"Shaded","section":"Shading Mode"},"sceneLighting":false,"audioPlay":false,"sceneViewState":{"showFog":true,"showMaterialUpdate":true,"showSkybox":false,"showFlares":true,"showImageEffects":true,"showParticleSystems":true},"in2DMode":false,"pivot":{"x":7.947461128234863,"y":0.697128415107727,"z":2.2196340560913088},"rotation":{"x":-0.25541427731513979,"y":-0.552627682685852,"z":0.18341317772865296,"w":-0.7720909714698792},"size":0.8770199418067932,"orthographic":false}