{"cameraMode":{"drawMode":0,"name":"Shaded","section":"Shading Mode"},"sceneLighting":false,"audioPlay":false,"sceneViewState":{"showFog":true,"showMaterialUpdate":true,"showSkybox":false,"showFlares":true,"showImageEffects":true,"showParticleSystems":true},"in2DMode":false,"pivot":{"x":7.947461128234863,"y":0.697128415107727,"z":2.2196340560913088},"rotation":{"x":0.08914103358983994,"y":0.5048311948776245,"z":-0.05286990478634834,"w":0.8571844100952148},"size":1.7156221866607667,"orthographic":false}