{"cameraMode":{"drawMode":0,"name":"Shaded","section":"Shading Mode"},"sceneLighting":false,"audioPlay":false,"sceneViewState":{"showFog":true,"showMaterialUpdate":true,"showSkybox":false,"showFlares":true,"showImageEffects":true,"showParticleSystems":true},"in2DMode":false,"pivot":{"x":-7.208383560180664,"y":17.922931671142579,"z":4.885112285614014},"rotation":{"x":0.12056438624858856,"y":0.87412029504776,"z":-0.27800387144088747,"w":0.3800356984138489},"size":2.501110792160034,"orthographic":false}