{"cameraMode":{"drawMode":0,"name":"Shaded","section":"Shading Mode"},"sceneLighting":false,"audioPlay":false,"sceneViewState":{"showFog":true,"showMaterialUpdate":true,"showSkybox":false,"showFlares":true,"showImageEffects":true,"showParticleSystems":true},"in2DMode":false,"pivot":{"x":0.6095557808876038,"y":0.3003247082233429,"z":-0.9347296357154846},"rotation":{"x":-0.2488390952348709,"y":-0.2941102087497711,"z":0.07959622889757157,"w":-0.9194418787956238},"size":2.1128957271575929,"orthographic":false}