{"cameraMode":{"drawMode":0,"name":"Shaded","section":"Shading Mode"},"sceneLighting":false,"audioPlay":false,"sceneViewState":{"showFog":true,"showMaterialUpdate":true,"showSkybox":false,"showFlares":true,"showImageEffects":true,"showParticleSystems":true},"in2DMode":false,"pivot":{"x":7.947461128234863,"y":0.697128415107727,"z":2.2196340560913088},"rotation":{"x":0.12842415273189546,"y":0.6916308999061585,"z":-0.1273205727338791,"w":0.699504017829895},"size":1.1770200729370118,"orthographic":false}