{"cameraMode":{"drawMode":0,"name":"Shaded","section":"Shading Mode"},"sceneLighting":false,"audioPlay":false,"sceneViewState":{"showFog":true,"showMaterialUpdate":true,"showSkybox":false,"showFlares":true,"showImageEffects":true,"showParticleSystems":true},"in2DMode":false,"pivot":{"x":5.650000095367432,"y":0.9110000133514404,"z":3.9082417488098146},"rotation":{"x":-0.2488390952348709,"y":-0.2941102087497711,"z":0.07959622889757157,"w":-0.9194418787956238},"size":3.7273309230804445,"orthographic":false}