{"cameraMode":{"drawMode":0,"name":"Shaded","section":"Shading Mode"},"sceneLighting":false,"audioPlay":false,"sceneViewState":{"showFog":true,"showMaterialUpdate":true,"showSkybox":false,"showFlares":true,"showImageEffects":true,"showParticleSystems":true},"in2DMode":false,"pivot":{"x":-1.2650001049041749,"y":0.9649999141693115,"z":2.799999952316284},"rotation":{"x":-0.1795259416103363,"y":-0.724453330039978,"z":0.20542393624782563,"w":-0.6330981850624085},"size":9.306205749511719,"orthographic":false}