{"cameraMode":{"drawMode":0,"name":"Shaded","section":"Shading Mode"},"sceneLighting":true,"audioPlay":false,"sceneViewState":{"showFog":true,"showMaterialUpdate":true,"showSkybox":true,"showFlares":true,"showImageEffects":true,"showParticleSystems":true},"in2DMode":false,"pivot":{"x":35.09550094604492,"y":-8.032047271728516,"z":0.3972705006599426},"rotation":{"x":0.1256263256072998,"y":0.7170221209526062,"z":-0.13416200876235963,"w":0.6727030873298645},"size":16.700830459594728,"orthographic":false}