{"cameraMode":{"drawMode":0,"name":"Shaded","section":"Shading Mode"},"sceneLighting":false,"audioPlay":false,"sceneViewState":{"showFog":true,"showMaterialUpdate":true,"showSkybox":false,"showFlares":true,"showImageEffects":true,"showParticleSystems":true},"in2DMode":false,"pivot":{"x":-2.384185791015625e-7,"y":-3.277677536010742,"z":0.766870379447937},"rotation":{"x":0.028144288808107377,"y":0.971791684627533,"z":-0.1651592254638672,"w":0.1668921858072281},"size":9.908982276916504,"orthographic":false}