{"cameraMode":{"drawMode":0,"name":"Shaded","section":"Shading Mode"},"sceneLighting":true,"audioPlay":false,"sceneViewState":{"showFog":true,"showMaterialUpdate":true,"showSkybox":true,"showFlares":true,"showImageEffects":true,"showParticleSystems":true},"in2DMode":false,"pivot":{"x":-0.10408994555473328,"y":0.34914231300354006,"z":2.541503667831421},"rotation":{"x":0.02374720387160778,"y":0.9747463464736939,"z":-0.18225587904453278,"w":0.12847942113876344},"size":4.34503173828125,"orthographic":false}