{"cameraMode":{"drawMode":0,"name":"Shaded","section":"Shading Mode"},"sceneLighting":false,"audioPlay":false,"sceneViewState":{"showFog":true,"showMaterialUpdate":true,"showSkybox":false,"showFlares":true,"showImageEffects":true,"showParticleSystems":true},"in2DMode":false,"pivot":{"x":-10.96274185180664,"y":9.161382675170899,"z":14.947183609008789},"rotation":{"x":0.028144288808107377,"y":0.971791684627533,"z":-0.1651592254638672,"w":0.1668921858072281},"size":10.772686004638672,"orthographic":false}