{"cameraMode":{"drawMode":0,"name":"Shaded","section":"Shading Mode"},"sceneLighting":true,"audioPlay":false,"sceneViewState":{"showFog":true,"showMaterialUpdate":true,"showSkybox":true,"showFlares":true,"showImageEffects":true,"showParticleSystems":true},"in2DMode":false,"pivot":{"x":2.6823930740356447,"y":3.4472508430480959,"z":3.108346939086914},"rotation":{"x":0.0791265219449997,"y":-0.9107576608657837,"z":0.20427165925502778,"w":0.3506108522415161},"size":39.72339630126953,"orthographic":false}