{"cameraMode":{"drawMode":0,"name":"Shaded","section":"Shading Mode"},"sceneLighting":true,"audioPlay":false,"sceneViewState":{"showFog":true,"showMaterialUpdate":true,"showSkybox":true,"showFlares":true,"showImageEffects":true,"showParticleSystems":true},"in2DMode":false,"pivot":{"x":472.2897644042969,"y":262.9285583496094,"z":-3.167635917663574},"rotation":{"x":0.1749412715435028,"y":-0.0031901265028864147,"z":0.0002855036873370409,"w":0.9847933650016785},"size":1563.1712646484375,"orthographic":false}