{"cameraMode":{"drawMode":0,"name":"Shaded","section":"Shading Mode"},"sceneLighting":false,"audioPlay":false,"sceneViewState":{"showFog":true,"showMaterialUpdate":true,"showSkybox":false,"showFlares":true,"showImageEffects":true,"showParticleSystems":true},"in2DMode":false,"pivot":{"x":7.947461128234863,"y":0.697128415107727,"z":2.2196340560913088},"rotation":{"x":-0.15525338053703309,"y":-0.6226977109909058,"z":0.12838512659072877,"w":-0.7563455104827881},"size":0.8770199418067932,"orthographic":false}