{"cameraMode":{"drawMode":0,"name":"Shaded","section":"Shading Mode"},"sceneLighting":true,"audioPlay":false,"sceneViewState":{"showFog":true,"showMaterialUpdate":true,"showSkybox":true,"showFlares":true,"showImageEffects":true,"showParticleSystems":true},"in2DMode":false,"pivot":{"x":19.43690299987793,"y":2.088320016860962,"z":-24.794958114624025},"rotation":{"x":0.18476921319961549,"y":0.5395398736000061,"z":-0.12304547429084778,"w":0.8124244809150696},"size":30.401317596435548,"orthographic":false}