{"cameraMode":{"drawMode":0,"name":"Shaded","section":"Shading Mode"},"sceneLighting":false,"audioPlay":false,"sceneViewState":{"showFog":true,"showMaterialUpdate":true,"showSkybox":false,"showFlares":true,"showImageEffects":true,"showParticleSystems":true},"in2DMode":false,"pivot":{"x":6.692996978759766,"y":1.8069040775299073,"z":1.2407387495040894},"rotation":{"x":-0.07578040659427643,"y":-0.4324735999107361,"z":0.036755044013261798,"w":-0.8979096412658691},"size":1.7770204544067383,"orthographic":false}